Budget,Method,Best Regret,Median Regret,Feasible Completed Runs,Runs,Feasible Success Rate
10,Random,0.0620729534607678,0.16092114062948393,30,30,1.0
10,GA,0.005446017626599353,0.19639280293675343,30,30,1.0
10,BO,0.053666774696730535,0.16040404479695436,30,30,1.0
10,CMA-ES,0.046499999999999986,0.16659043345003655,30,30,1.0
10,Surrogate (Pool),0.0620729534607678,0.17115841183987746,30,30,1.0
10,QAOA (p=1),0.0620729534607678,0.16471443322076862,30,30,1.0
20,Random,0.04204820117409369,0.13006841965873295,30,30,1.0
20,GA,0.04549999999999965,0.112393709368664,30,30,1.0
20,BO,0.008166774696730883,0.1128699048805819,30,30,1.0
20,CMA-ES,0.005446017626599353,0.13434406201493299,30,30,1.0
20,Surrogate (Pool),0.012126375062106565,0.13157405396102884,30,30,1.0
20,QAOA (p=1),0.0,0.12761845870094468,30,30,1.0
30,Random,0.041548201174093524,0.12759868264743224,30,30,1.0
30,GA,0.0,0.0898230274806271,30,30,1.0
30,BO,0.005446017626599353,0.1014669600711049,30,30,1.0
30,CMA-ES,0.0009999999999998899,0.10301213249457497,30,30,1.0
30,Surrogate (Pool),0.0009999999999998899,0.07028594803364097,30,30,1.0
30,QAOA (p=1),0.0,0.08411206720122966,30,30,1.0
40,Random,0.014026375062106577,0.1189579775899432,30,30,1.0
40,GA,0.005446017626599353,0.06960013931320463,30,30,1.0
40,BO,0.005446017626599353,0.07201241694516969,30,30,1.0
40,CMA-ES,0.0009999999999998899,0.09902637506210699,30,30,1.0
40,Surrogate (Pool),0.0,0.04831127212383368,30,30,1.0
40,QAOA (p=1),0.0,0.05533743967706095,30,30,1.0
