Budget,Comparator,QAOA mean regret,Comparator mean regret,QAOA std regret,Comparator std regret,U statistic,raw p,QAOA advantage,Holm threshold,Significant after Holm?
10,Random,0.17531880911931896,0.17401215170037354,0.06389427282925764,0.06390579940795377,460.5,0.8824251370103732,-0.023333333333333334,0.05,False
10,GA,0.17531880911931896,0.20598323705905672,0.06389427282925764,0.10229455203793451,359.0,0.18089953349792287,0.20222222222222222,0.01,False
10,BO,0.17531880911931896,0.17702171479391507,0.06389427282925764,0.080697587090441,463.0,0.8533777088950179,-0.028888888888888888,0.025,False
10,CMA-ES,0.17531880911931896,0.18474191145822735,0.06389427282925764,0.0853459313973827,436.0,0.8417971124132747,0.03111111111111111,0.016666666666666666,False
10,Surrogate (Pool),0.17531880911931896,0.17993156553738435,0.06389427282925764,0.06713388744529097,435.0,0.8301902216672317,0.03333333333333333,0.0125,False
20,Random,0.1231535930578887,0.14413982658010802,0.04643256751789088,0.06016219570521623,390.5,0.38298232985614944,0.1322222222222222,0.0125,False
20,GA,0.1231535930578887,0.12518582901098568,0.04643256751789088,0.06036548447403506,478.5,0.6788921123170397,-0.06333333333333334,0.016666666666666666,False
20,BO,0.1231535930578887,0.1283517357726945,0.04643256751789088,0.06169579474892549,450.0,1.0,0.0,0.05,False
20,CMA-ES,0.1231535930578887,0.14324633209163906,0.04643256751789088,0.06917491370698424,374.5,0.26748276241762947,0.16777777777777778,0.01,False
20,Surrogate (Pool),0.1231535930578887,0.12357656273197049,0.04643256751789088,0.061876538348367885,442.0,0.9116943126342002,0.017777777777777778,0.025,False
30,Random,0.07843368693064885,0.12761865642883907,0.04624819805407702,0.048664589864288024,210.0,0.0003983642533726684,0.5333333333333333,0.01,True
30,GA,0.07843368693064885,0.0992629190986387,0.04624819805407702,0.052291995821359696,362.0,0.19572864493357944,0.19555555555555557,0.025,False
30,BO,0.07843368693064885,0.10382919638957679,0.04624819805407702,0.04367667963163211,314.5,0.045936032071563444,0.3011111111111111,0.016666666666666666,False
30,CMA-ES,0.07843368693064885,0.10943440525634872,0.04624819805407702,0.05865573715114841,310.0,0.03914799062460966,0.3111111111111111,0.0125,False
30,Surrogate (Pool),0.07843368693064885,0.06662234885899261,0.04624819805407702,0.039385172890464004,517.5,0.3218013246428615,-0.15,0.05,False
40,Random,0.0539869797651368,0.11307929897636011,0.036827901487645906,0.04578377395555283,140.0,4.7272325598820276e-06,0.6888888888888889,0.01,True
40,GA,0.0539869797651368,0.07528323195468362,0.036827901487645906,0.03876827921775396,319.5,0.05448456825057935,0.29,0.025,False
40,BO,0.0539869797651368,0.08216412530927004,0.036827901487645906,0.05032600186132271,304.5,0.03201778115473755,0.3233333333333333,0.016666666666666666,False
40,CMA-ES,0.0539869797651368,0.0988811798734281,0.036827901487645906,0.04878738600779741,204.0,0.0002827791653260067,0.5466666666666666,0.0125,True
40,Surrogate (Pool),0.0539869797651368,0.05256393294760873,0.036827901487645906,0.03827323133087867,454.5,0.9528227857672319,-0.01,0.05,False
