Budget,Method,Mean Final Cost,Mean Regret,Std Regret,N
10,Random,1.7430516231702735,0.17401215170037354,0.06390579940795377,30
10,GA,1.7750227085289572,0.20598323705905672,0.10229455203793451,30
10,BO,1.7460611862638153,0.17702171479391507,0.080697587090441,30
10,CMA-ES,1.7537813829281277,0.18474191145822735,0.0853459313973827,30
10,Surrogate (Pool),1.7489710370072844,0.17993156553738435,0.06713388744529097,30
10,QAOA (p=1),1.744358280589219,0.17531880911931896,0.06389427282925764,30
20,Random,1.7131792980500082,0.14413982658010802,0.06016219570521623,30
20,GA,1.694225300480886,0.12518582901098568,0.06036548447403506,30
20,BO,1.6973912072425945,0.1283517357726945,0.06169579474892549,30
20,CMA-ES,1.7122858035615391,0.14324633209163906,0.06917491370698424,30
20,Surrogate (Pool),1.6926160342018706,0.12357656273197049,0.061876538348367885,30
20,QAOA (p=1),1.6921930645277887,0.1231535930578887,0.04643256751789088,30
30,Random,1.6966581278987396,0.12761865642883907,0.048664589864288024,30
30,GA,1.6683023905685388,0.0992629190986387,0.052291995821359696,30
30,BO,1.6728686678594766,0.10382919638957679,0.04367667963163211,30
30,CMA-ES,1.6784738767262488,0.10943440525634872,0.05865573715114841,30
30,Surrogate (Pool),1.6356618203288928,0.06662234885899261,0.039385172890464004,30
30,QAOA (p=1),1.6474731584005489,0.07843368693064885,0.04624819805407702,30
40,Random,1.6821187704462603,0.11307929897636011,0.04578377395555283,30
40,GA,1.6443227034245835,0.07528323195468362,0.03876827921775396,30
40,BO,1.65120359677917,0.08216412530927004,0.05032600186132271,30
40,CMA-ES,1.6679206513433285,0.0988811798734281,0.04878738600779741,30
40,Surrogate (Pool),1.6216034044175087,0.05256393294760873,0.03827323133087867,30
40,QAOA (p=1),1.623026451235037,0.0539869797651368,0.036827901487645906,30
