experiment,stage,budget,comparator,qaoa_minus_comparator_mean,paired_ci95_lo,paired_ci95_hi,qaoa_wins,ties,qaoa_losses
current,1,10,Random,0.01988328608962653,-0.002146768752919337,0.04765469364749744,2,2,6
current,1,10,GA,0.02003650773579415,-0.0006047361723985333,0.04263477456794509,2,1,7
current,1,10,BO,0.00898434181093769,-0.011359477057341503,0.028460769896704947,3,2,5
current,1,10,CMA-ES,0.01760971138482781,-0.007872107314452322,0.0431331405046475,2,2,6
current,1,10,Surrogate (exhaustive),-0.007492457860275159,-0.020518747910013846,0.002827192011210844,4,5,1
current,1,20,Random,0.032448716452797524,0.011564339929821378,0.0541154096972603,1,1,8
current,1,20,GA,0.030275850756273502,0.008296380113338957,0.05537820655463251,2,0,8
current,1,20,BO,0.027976505084369153,0.0048828921971146,0.051733539616537906,2,0,8
current,1,20,CMA-ES,0.028299565518042934,0.01049367620417222,0.0423653589666981,1,0,9
current,1,20,Surrogate (exhaustive),0.008718130613574338,-0.009178226703612551,0.025600774719264696,2,3,5
current,1,30,Random,0.029392588594744716,0.009489922140965399,0.049300089636126504,1,1,8
current,1,30,GA,0.042563802664779604,0.01398998733116603,0.07277920396625438,1,0,9
current,1,30,BO,0.052496714248956175,0.029140759250991286,0.07561695594216844,1,0,9
current,1,30,CMA-ES,0.029149150482614895,0.007883139881900392,0.04560430895983062,1,0,9
current,1,30,Surrogate (exhaustive),0.009519326696082941,-0.010161489296886855,0.024402664892553768,1,0,9
current,1,40,Random,0.018980737213898525,-0.0022481373412058616,0.04034649129611021,2,0,8
current,1,40,GA,0.038465907756988424,0.014661115761528001,0.06505747928193424,1,0,9
current,1,40,BO,0.040577406392122706,0.017878618477800253,0.061877599026239107,1,0,9
current,1,40,CMA-ES,0.04237014779887856,0.02597712927824431,0.06224848310743792,0,0,10
current,1,40,Surrogate (exhaustive),-0.0017812138899388152,-0.019793328799478756,0.012297684051638377,2,0,8
current,2,10,Random,-0.0013175855175343476,-0.01492378146781208,0.0120397791599723,5,1,4
current,2,10,GA,-0.010675136764480519,-0.029864624934138575,0.012438644876065445,7,1,2
current,2,10,BO,-0.0061526355604596406,-0.021686353060440318,0.009804666780373696,6,1,3
current,2,10,CMA-ES,-0.015374315149259554,-0.03320661298091014,0.0020861167047510187,6,2,2
current,2,10,Surrogate (exhaustive),0.0028292184857439118,-0.012767891371905715,0.01850824597601164,3,3,4
current,2,20,Random,0.014442953385607893,-0.0026080658819539813,0.030547748566110366,2,1,7
current,2,20,GA,-0.00698802411625622,-0.027122137025437303,0.017103656769780984,7,1,2
current,2,20,BO,-0.003437693100975181,-0.02070510217145056,0.013408774327823341,7,0,3
current,2,20,CMA-ES,-0.008031807190068518,-0.021194555860215025,0.005940090081258096,7,0,3
current,2,20,Surrogate (exhaustive),0.0026402914571970527,-0.013325982651741185,0.01873568449859074,4,1,5
current,2,30,Random,0.010502517964211889,-0.0045357249033116135,0.02458574823703127,2,1,7
current,2,30,GA,0.004021979346583837,-0.009931166712140739,0.020110323847489345,5,2,3
current,2,30,BO,-0.0029939452356947836,-0.019371751731635453,0.015654347527774087,7,0,3
current,2,30,CMA-ES,-0.009371682695925865,-0.021478210726916587,0.00290786919227194,6,0,4
current,2,30,Surrogate (exhaustive),0.01239280983853469,0.0027660909477093213,0.023087331956819224,2,2,6
current,2,40,Random,0.0107962994080823,-0.002455940256980623,0.02408945455912963,3,0,7
current,2,40,GA,0.0043957503860101,-0.009733040600664442,0.020427248735713385,5,1,4
current,2,40,BO,0.011298045362530129,-0.007936869388387847,0.03069040798237028,4,0,6
current,2,40,CMA-ES,-0.0030429253250019326,-0.020336736625758346,0.01610751784600913,6,0,4
current,2,40,Surrogate (exhaustive),0.01292457598875949,0.0030698194602314156,0.02373412543392577,3,1,6
current,3,10,Random,0.0,0.0,0.0,0,10,0
current,3,10,GA,0.0,0.0,0.0,0,10,0
current,3,10,BO,0.0,0.0,0.0,0,10,0
current,3,10,CMA-ES,0.0,0.0,0.0,0,10,0
current,3,10,Surrogate (exhaustive),0.0,0.0,0.0,0,10,0
current,3,10,Sparse-first,0.0,0.0,0.0,0,10,0
current,3,20,Random,0.0,0.0,0.0,0,10,0
current,3,20,GA,0.0,0.0,0.0,0,10,0
current,3,20,BO,0.0,0.0,0.0,0,10,0
current,3,20,CMA-ES,0.0,0.0,0.0,0,10,0
current,3,20,Surrogate (exhaustive),0.0,0.0,0.0,0,10,0
current,3,20,Sparse-first,0.0,0.0,0.0,0,10,0
current,3,30,Random,0.0,0.0,0.0,0,10,0
current,3,30,GA,0.0,0.0,0.0,0,10,0
current,3,30,BO,0.0,0.0,0.0,0,10,0
current,3,30,CMA-ES,0.0,0.0,0.0,0,10,0
current,3,30,Surrogate (exhaustive),0.0,0.0,0.0,0,10,0
current,3,30,Sparse-first,0.0,0.0,0.0,0,10,0
current,3,40,Random,0.0,0.0,0.0,0,10,0
current,3,40,GA,0.0,0.0,0.0,0,10,0
current,3,40,BO,0.0,0.0,0.0,0,10,0
current,3,40,CMA-ES,0.0,0.0,0.0,0,10,0
current,3,40,Surrogate (exhaustive),0.0,0.0,0.0,0,10,0
current,3,40,Sparse-first,0.0,0.0,0.0,0,10,0
nonempty,3,10,Random,-1.3274378551034158,-1.5579129201551576,-1.094576772353635,10,0,0
nonempty,3,10,GA,-1.1262324284816239,-1.3917468854613064,-0.8612721478660967,10,0,0
nonempty,3,10,BO,-0.18868368596045995,-0.3704180189876954,-0.04648607811317669,6,1,3
nonempty,3,10,CMA-ES,-1.0395821757338621,-1.2812049039374132,-0.8145907114840296,10,0,0
nonempty,3,10,Surrogate (exhaustive),0.0036405167141664806,0.0,0.0077938290410607515,0,7,3
nonempty,3,10,Sparse-first,0.007650269435293569,-0.0010000470582251272,0.016698880465826852,2,1,7
nonempty,3,20,Random,-1.1954221376685588,-1.435158833233798,-0.9814861981539409,10,0,0
nonempty,3,20,GA,-0.7211414499164773,-0.9113215249056928,-0.5532054525030996,10,0,0
nonempty,3,20,BO,-0.0035065027227993593,-0.008716024724741145,0.0009648564108744595,5,4,1
nonempty,3,20,CMA-ES,-0.7250899781192712,-0.9444503078768086,-0.5190464824532649,10,0,0
nonempty,3,20,Surrogate (exhaustive),0.0009648564108744595,0.0,0.0028945692326233785,0,9,1
nonempty,3,20,Sparse-first,0.0009648564108744595,-0.0006419705496980566,0.003215554507472407,1,7,2
nonempty,3,30,Random,-1.0947378434936728,-1.2420639132255262,-0.9536813620818709,10,0,0
nonempty,3,30,GA,-0.561563537612657,-0.6860481214120134,-0.4590651418573465,10,0,0
nonempty,3,30,BO,0.0,-0.0009629558245470848,0.0009629558245470848,1,8,1
nonempty,3,30,CMA-ES,-0.5560266824731922,-0.7511772399909338,-0.396147560498107,10,0,0
nonempty,3,30,Surrogate (exhaustive),0.0,0.0,0.0,0,10,0
nonempty,3,30,Sparse-first,0.0003209852748490283,0.0,0.0009629558245470848,0,9,1
nonempty,3,40,Random,-1.0312416738156478,-1.1516118725348568,-0.9167971267010353,10,0,0
nonempty,3,40,GA,-0.4446528265601121,-0.5498425680289368,-0.34736574128315817,10,0,0
nonempty,3,40,BO,0.0,0.0,0.0,0,10,0
nonempty,3,40,CMA-ES,-0.2740997321389111,-0.4163631442522524,-0.13731967295436032,10,0,0
nonempty,3,40,Surrogate (exhaustive),0.0,0.0,0.0,0,10,0
nonempty,3,40,Sparse-first,0.0,0.0,0.0,0,10,0
