experiment,stage,method,seed,charged_objective_queries,actual_simulator_calls_in_search,cache_hits,surrogate_fits,surrogate_predictions,statevector_circuits,simulated_shots,optimizer_steps,search_wall_seconds,rejected_proposals,fallback_proposals,qaoa_cobyla_converged,qaoa_cobyla_solves
current,1,Random,0,40,0,0,0,0,0,0,35,0.000998584000626579,0,0,0,0
current,1,Random,1,40,0,0,0,0,0,0,35,0.0009675840010459069,0,0,0,0
current,1,Random,2,40,0,0,0,0,0,0,35,0.0009627500003261957,0,0,0,0
current,1,Random,3,40,0,0,0,0,0,0,35,0.000984207999863429,0,0,0,0
current,1,Random,4,40,0,0,0,0,0,0,35,0.0010124999971594661,0,0,0,0
current,1,Random,5,40,0,0,0,0,0,0,35,0.0010292920014762785,0,0,0,0
current,1,Random,6,40,0,0,0,0,0,0,35,0.001051582999934908,0,0,0,0
current,1,Random,7,40,0,0,0,0,0,0,35,0.0010273750012856908,0,0,0,0
current,1,Random,8,40,0,0,0,0,0,0,35,0.0010327919990231749,0,0,0,0
current,1,Random,9,40,0,0,0,0,0,0,35,0.0010254999979224522,0,0,0,0
current,1,GA,0,40,0,0,0,0,0,0,35,0.001180540999484947,3,0,0,0
current,1,GA,1,40,0,0,0,0,0,0,35,0.0012547499973152298,11,0,0,0
current,1,GA,2,40,0,0,0,0,0,0,35,0.001379500001348788,20,0,0,0
current,1,GA,3,40,0,0,0,0,0,0,35,0.0012696250014414545,9,0,0,0
current,1,GA,4,40,0,0,0,0,0,0,35,0.0012725840024359059,6,0,0,0
current,1,GA,5,40,0,0,0,0,0,0,35,0.0013807499999529682,19,0,0,0
current,1,GA,6,40,0,0,0,0,0,0,35,0.0013284579981700517,11,0,0,0
current,1,GA,7,40,0,0,0,0,0,0,35,0.001393375001498498,17,0,0,0
current,1,GA,8,40,0,0,0,0,0,0,35,0.0013554999968619086,11,0,0,0
current,1,GA,9,40,0,0,0,0,0,0,35,0.0012917909989482723,8,0,0,0
current,1,BO,0,40,0,0,35,2292990,0,0,35,0.5494987500023853,0,0,0,0
current,1,BO,1,40,0,0,35,2292990,0,0,35,0.6169715420001012,0,0,0,0
current,1,BO,2,40,0,0,35,2292990,0,0,35,0.5287977499974659,0,0,0,0
current,1,BO,3,40,0,0,35,2292990,0,0,35,0.5306309999978112,0,0,0,0
current,1,BO,4,40,0,0,35,2292990,0,0,35,0.6087403329984227,0,0,0,0
current,1,BO,5,40,0,0,35,2292990,0,0,35,0.5771121670004504,0,0,0,0
current,1,BO,6,40,0,0,35,2292990,0,0,35,0.5679204159969231,0,0,0,0
current,1,BO,7,40,0,0,35,2292990,0,0,35,0.6511166249983944,0,0,0,0
current,1,BO,8,40,0,0,35,2292990,0,0,35,0.6037844170023163,0,0,0,0
current,1,BO,9,40,0,0,35,2292990,0,0,35,0.5587985000020126,0,0,0,0
current,1,CMA-ES,0,40,0,0,0,0,0,0,3,0.188633582998591,0,0,0,0
current,1,CMA-ES,1,40,0,0,0,0,0,0,3,0.002970459001517156,0,0,0,0
current,1,CMA-ES,2,40,0,0,0,0,0,0,3,0.0027442919999884907,0,0,0,0
current,1,CMA-ES,3,40,0,0,0,0,0,0,3,0.0027089169998362195,0,0,0,0
current,1,CMA-ES,4,40,0,0,0,0,0,0,3,0.002919458998803748,0,0,0,0
current,1,CMA-ES,5,40,0,0,0,0,0,0,3,0.002897458998631919,0,0,0,0
current,1,CMA-ES,6,40,0,0,0,0,0,0,3,0.002889707997383084,0,0,0,0
current,1,CMA-ES,7,40,0,0,0,0,0,0,3,0.002886083002522355,0,0,0,0
current,1,CMA-ES,8,40,0,0,0,0,0,0,3,0.0028634590016736183,0,0,0,0
current,1,CMA-ES,9,40,0,0,0,0,0,0,3,0.002793249997921521,0,0,0,0
current,1,Surrogate (exhaustive),0,40,0,0,35,2293760,0,0,35,0.13480158299717004,0,0,0,0
current,1,Surrogate (exhaustive),1,40,0,0,35,2293760,0,0,35,0.14064262499960023,0,0,0,0
current,1,Surrogate (exhaustive),2,40,0,0,35,2293760,0,0,35,0.13329687499935972,0,0,0,0
current,1,Surrogate (exhaustive),3,40,0,0,35,2293760,0,0,35,0.13286704100028146,0,0,0,0
current,1,Surrogate (exhaustive),4,40,0,0,35,2293760,0,0,35,0.1421143330007908,0,0,0,0
current,1,Surrogate (exhaustive),5,40,0,0,35,2293760,0,0,35,0.14091591599935782,0,0,0,0
current,1,Surrogate (exhaustive),6,40,0,0,35,2293760,0,0,35,0.1412735000012617,0,0,0,0
current,1,Surrogate (exhaustive),7,40,0,0,35,2293760,0,0,35,0.1405854169970553,0,0,0,0
current,1,Surrogate (exhaustive),8,40,0,0,35,2293760,0,0,35,0.14081229200019152,0,0,0,0
current,1,Surrogate (exhaustive),9,40,0,0,35,2293760,0,0,35,0.14051579200167907,0,0,0,0
current,1,QAOA (p=1),0,40,0,0,35,2293760,1041,293376,35,1.9208007500019448,0,0,17,35
current,1,QAOA (p=1),1,40,0,0,35,2293760,1053,296448,35,1.9555309580027824,0,0,14,35
current,1,QAOA (p=1),2,40,0,0,35,2293760,1064,299264,35,1.9954319999997097,0,0,11,35
current,1,QAOA (p=1),3,40,0,0,35,2293760,1062,298752,35,2.0563405839966435,0,0,12,35
current,1,QAOA (p=1),4,40,0,0,35,2293760,1064,299264,35,2.067121041000064,0,0,9,35
current,1,QAOA (p=1),5,40,0,0,35,2293760,1041,293376,35,2.0047185000003083,0,0,20,35
current,1,QAOA (p=1),6,40,0,0,35,2293760,1065,299520,35,2.092103250000946,0,0,9,35
current,1,QAOA (p=1),7,40,0,0,35,2293760,1055,296960,35,2.064250167000864,0,0,10,35
current,1,QAOA (p=1),8,40,0,0,35,2293760,1071,301056,35,2.0917094170035853,0,0,8,35
current,1,QAOA (p=1),9,40,0,0,35,2293760,1064,299264,35,2.1057945839966123,0,0,11,35
current,2,Random,0,40,0,0,0,0,0,0,35,0.0018958750006277114,0,0,0,0
current,2,Random,1,40,0,0,0,0,0,0,35,0.0018454169985488988,0,0,0,0
current,2,Random,2,40,0,0,0,0,0,0,35,0.0017944159990292974,0,0,0,0
current,2,Random,3,40,0,0,0,0,0,0,35,0.0017638749995967373,0,0,0,0
current,2,Random,4,40,0,0,0,0,0,0,35,0.0017912500006787013,0,0,0,0
current,2,Random,5,40,0,0,0,0,0,0,35,0.001873666999017587,0,0,0,0
current,2,Random,6,40,0,0,0,0,0,0,35,0.0017657089993008412,0,0,0,0
current,2,Random,7,40,0,0,0,0,0,0,35,0.0017822079971665516,0,0,0,0
current,2,Random,8,40,0,0,0,0,0,0,35,0.0017987920000450686,0,0,0,0
current,2,Random,9,40,0,0,0,0,0,0,35,0.0017600000028323848,0,0,0,0
current,2,GA,0,40,0,0,0,0,0,0,35,0.0022131249970698263,15,0,0,0
current,2,GA,1,40,0,0,0,0,0,0,35,0.002152917000785237,19,0,0,0
current,2,GA,2,40,0,0,0,0,0,0,35,0.002096791002259124,16,0,0,0
current,2,GA,3,40,0,0,0,0,0,0,35,0.0021151250002731103,20,0,0,0
current,2,GA,4,40,0,0,0,0,0,0,35,0.0021827919990755618,18,0,0,0
current,2,GA,5,40,0,0,0,0,0,0,35,0.0023050420022627804,23,0,0,0
current,2,GA,6,40,0,0,0,0,0,0,35,0.0022247499982768204,21,0,0,0
current,2,GA,7,40,0,0,0,0,0,0,35,0.002097749998938525,14,0,0,0
current,2,GA,8,40,0,0,0,0,0,0,35,0.002187207999668317,19,0,0,0
current,2,GA,9,40,0,0,0,0,0,0,35,0.0021376249969762284,18,0,0,0
current,2,BO,0,40,0,0,35,2711870,0,0,35,0.6931502080005885,0,0,0,0
current,2,BO,1,40,0,0,35,2711870,0,0,35,0.6440860000002431,0,0,0,0
current,2,BO,2,40,0,0,35,2711870,0,0,35,0.5698128330004693,0,0,0,0
current,2,BO,3,40,0,0,35,2711870,0,0,35,0.6756910410003911,0,0,0,0
current,2,BO,4,40,0,0,35,2711870,0,0,35,0.6094200830011687,0,0,0,0
current,2,BO,5,40,0,0,35,2711870,0,0,35,0.6782591250012047,0,0,0,0
current,2,BO,6,40,0,0,35,2711870,0,0,35,0.6388626670013764,0,0,0,0
current,2,BO,7,40,0,0,35,2711870,0,0,35,0.6205752919995575,0,0,0,0
current,2,BO,8,40,0,0,35,2711870,0,0,35,0.6421198330026527,0,0,0,0
current,2,BO,9,40,0,0,35,2711870,0,0,35,0.6413140420008858,0,0,0,0
current,2,CMA-ES,0,40,0,0,0,0,0,0,4,0.004359457998361904,4,0,0,0
current,2,CMA-ES,1,40,0,0,0,0,0,0,5,0.00503516699973261,15,0,0,0
current,2,CMA-ES,2,40,0,0,0,0,0,0,4,0.004166916001850041,7,0,0,0
current,2,CMA-ES,3,40,0,0,0,0,0,0,4,0.004400958001497202,11,0,0,0
current,2,CMA-ES,4,40,0,0,0,0,0,0,3,0.0037384169991128147,1,0,0,0
current,2,CMA-ES,5,40,0,0,0,0,0,0,5,0.004835167001147056,14,0,0,0
current,2,CMA-ES,6,40,0,0,0,0,0,0,3,0.0038284160000330303,1,0,0,0
current,2,CMA-ES,7,40,0,0,0,0,0,0,3,0.0036774580003111623,0,0,0,0
current,2,CMA-ES,8,40,0,0,0,0,0,0,4,0.004540958998404676,13,0,0,0
current,2,CMA-ES,9,40,0,0,0,0,0,0,4,0.004492916999879526,8,0,0,0
current,2,Surrogate (exhaustive),0,40,0,0,35,4587520,0,0,35,0.32251754099706886,0,0,0,0
current,2,Surrogate (exhaustive),1,40,0,0,35,4587520,0,0,35,0.3169354999990901,0,0,0,0
current,2,Surrogate (exhaustive),2,40,0,0,35,4587520,0,0,35,0.3011522500019055,0,0,0,0
current,2,Surrogate (exhaustive),3,40,0,0,35,4587520,0,0,35,0.30112766599995666,0,0,0,0
current,2,Surrogate (exhaustive),4,40,0,0,35,4587520,0,0,35,0.30086075000144774,0,0,0,0
current,2,Surrogate (exhaustive),5,40,0,0,35,4587520,0,0,35,0.30078587499883724,0,0,0,0
current,2,Surrogate (exhaustive),6,40,0,0,35,4587520,0,0,35,0.3162740000007034,0,0,0,0
current,2,Surrogate (exhaustive),7,40,0,0,35,4587520,0,0,35,0.3024681659990165,0,0,0,0
current,2,Surrogate (exhaustive),8,40,0,0,35,4587520,0,0,35,0.30179641699942295,0,0,0,0
current,2,Surrogate (exhaustive),9,40,0,0,35,4587520,0,0,35,0.34028379200026393,0,0,0,0
current,2,QAOA (p=1),0,40,0,0,35,4587520,1041,293376,35,3.8932224999989558,0,0,18,35
current,2,QAOA (p=1),1,40,0,0,35,4587520,1046,294656,35,3.8038817499982542,0,0,16,35
current,2,QAOA (p=1),2,40,0,0,35,4587520,1061,298496,35,3.890268584000296,0,0,10,35
current,2,QAOA (p=1),3,40,0,0,35,4587520,1049,295424,35,3.783257416998822,0,0,19,35
current,2,QAOA (p=1),4,40,0,0,35,4587520,1062,298752,35,3.8660647500000778,0,0,12,35
current,2,QAOA (p=1),5,40,0,0,35,4587520,1047,294912,35,3.7750148749983055,0,0,15,35
current,2,QAOA (p=1),6,40,0,0,35,4587520,1066,299776,35,4.014194458999555,0,0,11,35
current,2,QAOA (p=1),7,40,0,0,35,4587520,1045,294400,35,3.8230670410011953,0,0,14,35
current,2,QAOA (p=1),8,40,0,0,35,4587520,1057,297472,35,3.8372433750009804,0,0,12,35
current,2,QAOA (p=1),9,40,0,0,35,4587520,1052,296192,35,3.862504374999844,0,0,17,35
current,3,Random,0,40,0,0,0,0,0,0,35,0.0009785410002223216,0,0,0,0
current,3,Random,1,40,0,0,0,0,0,0,35,0.0010133329997188412,0,0,0,0
current,3,Random,2,40,0,0,0,0,0,0,35,0.0010181670004385523,0,0,0,0
current,3,Random,3,40,0,0,0,0,0,0,35,0.0009560830003465526,0,0,0,0
current,3,Random,4,40,0,0,0,0,0,0,35,0.0009629590022086632,0,0,0,0
current,3,Random,5,40,0,0,0,0,0,0,35,0.0009447499978705309,0,0,0,0
current,3,Random,6,40,0,0,0,0,0,0,35,0.0009746670002641622,0,0,0,0
current,3,Random,7,40,0,0,0,0,0,0,35,0.0009651250002207235,0,0,0,0
current,3,Random,8,40,0,0,0,0,0,0,35,0.0009679159993538633,0,0,0,0
current,3,Random,9,40,0,0,0,0,0,0,35,0.0009588749999238644,0,0,0,0
current,3,GA,0,40,0,0,0,0,0,0,35,0.0013560419974965043,13,0,0,0
current,3,GA,1,40,0,0,0,0,0,0,35,0.0013771660014754161,26,0,0,0
current,3,GA,2,40,0,0,0,0,0,0,35,0.0013734590029343963,16,0,0,0
current,3,GA,3,40,0,0,0,0,0,0,35,0.0012775830000464339,13,0,0,0
current,3,GA,4,40,0,0,0,0,0,0,35,0.001358792000246467,18,0,0,0
current,3,GA,5,40,0,0,0,0,0,0,35,0.0012997499979974236,20,0,0,0
current,3,GA,6,40,0,0,0,0,0,0,35,0.0012965839996468276,14,0,0,0
current,3,GA,7,40,0,0,0,0,0,0,35,0.0012826249985664617,13,0,0,0
current,3,GA,8,40,0,0,0,0,0,0,35,0.0012557500012917444,11,0,0,0
current,3,GA,9,40,0,0,0,0,0,0,35,0.0013407089973043185,17,0,0,0
current,3,BO,0,40,0,0,35,2292990,0,0,35,0.6293776250022347,0,0,0,0
current,3,BO,1,40,0,0,35,2292990,0,0,35,0.6104503749993455,0,0,0,0
current,3,BO,2,40,0,0,35,2292990,0,0,35,0.6205552920000628,0,0,0,0
current,3,BO,3,40,0,0,35,2292990,0,0,35,0.6377256250016217,0,0,0,0
current,3,BO,4,40,0,0,35,2292990,0,0,35,0.647862374997203,0,0,0,0
current,3,BO,5,40,0,0,35,2292990,0,0,35,0.6726357920015289,0,0,0,0
current,3,BO,6,40,0,0,35,2292990,0,0,35,0.5756572909995157,0,0,0,0
current,3,BO,7,40,0,0,35,2292990,0,0,35,0.6409041249971779,0,0,0,0
current,3,BO,8,40,0,0,35,2292990,0,0,35,0.6301610420014185,0,0,0,0
current,3,BO,9,40,0,0,35,2292990,0,0,35,0.6127465410027071,0,0,0,0
current,3,CMA-ES,0,40,0,28,0,0,0,0,6,0.004711166999186389,0,0,0,0
current,3,CMA-ES,1,40,0,64,0,0,0,0,9,0.006468624997069128,0,0,0,0
current,3,CMA-ES,2,40,0,35,0,0,0,0,6,0.005123958999320166,0,0,0,0
current,3,CMA-ES,3,40,0,3039,0,0,0,0,257,0.15208625000013853,0,1,0,0
current,3,CMA-ES,4,40,0,13,0,0,0,0,4,0.003663125000457512,0,0,0,0
current,3,CMA-ES,5,40,0,91,0,0,0,0,11,0.007712750000791857,0,0,0,0
current,3,CMA-ES,6,40,0,62,0,0,0,0,9,0.006277707998378901,0,0,0,0
current,3,CMA-ES,7,40,0,117,0,0,0,0,13,0.009213916000589961,0,0,0,0
current,3,CMA-ES,8,40,0,33,0,0,0,0,6,0.0046691250026924536,0,0,0,0
current,3,CMA-ES,9,40,0,275,0,0,0,0,26,0.016736707999370992,0,0,0,0
current,3,Surrogate (exhaustive),0,40,0,0,35,2293760,0,0,35,0.13516229199740337,0,0,0,0
current,3,Surrogate (exhaustive),1,40,0,0,35,2293760,0,0,35,0.13235316699865507,0,0,0,0
current,3,Surrogate (exhaustive),2,40,0,0,35,2293760,0,0,35,0.13334416699944995,0,0,0,0
current,3,Surrogate (exhaustive),3,40,0,0,35,2293760,0,0,35,0.1328650000032212,0,0,0,0
current,3,Surrogate (exhaustive),4,40,0,0,35,2293760,0,0,35,0.13498516699837637,0,0,0,0
current,3,Surrogate (exhaustive),5,40,0,0,35,2293760,0,0,35,0.13309900000240305,0,0,0,0
current,3,Surrogate (exhaustive),6,40,0,0,35,2293760,0,0,35,0.1327160830005596,0,0,0,0
current,3,Surrogate (exhaustive),7,40,0,0,35,2293760,0,0,35,0.13321941600224818,0,0,0,0
current,3,Surrogate (exhaustive),8,40,0,0,35,2293760,0,0,35,0.13289612500011572,0,0,0,0
current,3,Surrogate (exhaustive),9,40,0,0,35,2293760,0,0,35,0.1329728749988135,0,0,0,0
current,3,QAOA (p=1),0,40,0,0,35,2293760,1073,301568,35,2.0513760419999016,0,0,8,35
current,3,QAOA (p=1),1,40,0,0,35,2293760,1066,299776,35,2.0507828749978216,0,0,9,35
current,3,QAOA (p=1),2,40,0,0,35,2293760,1063,299008,35,2.0283720410006936,0,0,11,35
current,3,QAOA (p=1),3,40,0,0,35,2293760,1064,299264,35,2.0264990420000686,0,0,10,35
current,3,QAOA (p=1),4,40,0,0,35,2293760,1056,297216,35,2.0167616669968993,0,0,10,35
current,3,QAOA (p=1),5,40,0,0,35,2293760,1072,301312,35,2.0510025000003225,0,0,8,35
current,3,QAOA (p=1),6,40,0,0,35,2293760,1064,299264,35,2.037914083000942,0,0,9,35
current,3,QAOA (p=1),7,40,0,0,35,2293760,1056,297216,35,2.0081520409985387,0,0,9,35
current,3,QAOA (p=1),8,40,0,0,35,2293760,1064,299264,35,2.038985415998468,0,0,7,35
current,3,QAOA (p=1),9,40,0,0,35,2293760,1054,296704,35,2.0190392090007663,0,0,12,35
current,3,Sparse-first,0,40,0,0,0,0,0,0,35,0.11551570799929323,0,0,0,0
current,3,Sparse-first,1,40,0,0,0,0,0,0,35,0.11342454099940369,0,0,0,0
current,3,Sparse-first,2,40,0,0,0,0,0,0,35,0.11376908400052343,0,0,0,0
current,3,Sparse-first,3,40,0,0,0,0,0,0,35,0.11143950000041514,0,0,0,0
current,3,Sparse-first,4,40,0,0,0,0,0,0,35,0.1109238750032091,0,0,0,0
current,3,Sparse-first,5,40,0,0,0,0,0,0,35,0.1117168330019922,0,0,0,0
current,3,Sparse-first,6,40,0,0,0,0,0,0,35,0.11295599999721162,0,0,0,0
current,3,Sparse-first,7,40,0,0,0,0,0,0,35,0.11310812499868916,0,0,0,0
current,3,Sparse-first,8,40,0,0,0,0,0,0,35,0.11197924999942188,0,0,0,0
current,3,Sparse-first,9,40,0,0,0,0,0,0,35,0.11261129200283904,0,0,0,0
nonempty,3,Random,0,40,0,0,0,0,0,0,35,0.0010659159997885581,0,0,0,0
nonempty,3,Random,1,40,0,0,0,0,0,0,35,0.0010445420011819806,0,0,0,0
nonempty,3,Random,2,40,0,0,0,0,0,0,35,0.001022374999593012,0,0,0,0
nonempty,3,Random,3,40,0,0,0,0,0,0,35,0.0010192910012847278,0,0,0,0
nonempty,3,Random,4,40,0,0,0,0,0,0,35,0.0010195419999945443,0,0,0,0
nonempty,3,Random,5,40,0,0,0,0,0,0,35,0.0010194169990427326,0,0,0,0
nonempty,3,Random,6,40,0,0,0,0,0,0,35,0.0010378330007370096,0,0,0,0
nonempty,3,Random,7,40,0,0,0,0,0,0,35,0.0010369170013291296,0,0,0,0
nonempty,3,Random,8,40,0,0,0,0,0,0,35,0.0010302919981768355,0,0,0,0
nonempty,3,Random,9,40,0,0,0,0,0,0,35,0.0010332500023650937,0,0,0,0
nonempty,3,GA,0,40,0,0,0,0,0,0,35,0.001335541997832479,12,0,0,0
nonempty,3,GA,1,40,0,0,0,0,0,0,35,0.0013407500009634532,11,0,0,0
nonempty,3,GA,2,40,0,0,0,0,0,0,35,0.0013304999993124511,12,0,0,0
nonempty,3,GA,3,40,0,0,0,0,0,0,35,0.0013435419969027862,12,0,0,0
nonempty,3,GA,4,40,0,0,0,0,0,0,35,0.001350292001006892,11,0,0,0
nonempty,3,GA,5,40,0,0,0,0,0,0,35,0.0013689999977941625,14,0,0,0
nonempty,3,GA,6,40,0,0,0,0,0,0,35,0.0013168750010663643,8,0,0,0
nonempty,3,GA,7,40,0,0,0,0,0,0,35,0.001397916999849258,17,0,0,0
nonempty,3,GA,8,40,0,0,0,0,0,0,35,0.0012759999990521464,2,0,0,0
nonempty,3,GA,9,40,0,0,0,0,0,0,35,0.0013090829997963738,7,0,0,0
nonempty,3,BO,0,40,0,0,35,2292955,0,0,35,0.660738250000577,0,0,0,0
nonempty,3,BO,1,40,0,0,35,2292955,0,0,35,0.6479306670007645,0,0,0,0
nonempty,3,BO,2,40,0,0,35,2292955,0,0,35,0.6687389170001552,0,0,0,0
nonempty,3,BO,3,40,0,0,35,2292955,0,0,35,0.6556049169994367,0,0,0,0
nonempty,3,BO,4,40,0,0,35,2292955,0,0,35,0.6610414999995555,0,0,0,0
nonempty,3,BO,5,40,0,0,35,2292955,0,0,35,0.701006374998542,0,0,0,0
nonempty,3,BO,6,40,0,0,35,2292955,0,0,35,0.6575123330003407,0,0,0,0
nonempty,3,BO,7,40,0,0,35,2292955,0,0,35,0.6946549159983988,0,0,0,0
nonempty,3,BO,8,40,0,0,35,2292955,0,0,35,0.6874449159986398,0,0,0,0
nonempty,3,BO,9,40,0,0,35,2292955,0,0,35,0.6481487920027575,0,0,0,0
nonempty,3,CMA-ES,0,40,0,9,0,0,0,0,4,0.13379474999965169,0,0,0,0
nonempty,3,CMA-ES,1,40,0,29,0,0,0,0,6,0.005145999999513151,0,0,0,0
nonempty,3,CMA-ES,2,40,0,18,0,0,0,0,5,0.004457125000044471,0,0,0,0
nonempty,3,CMA-ES,3,40,0,23,0,0,0,0,5,0.004621209001925308,0,0,0,0
nonempty,3,CMA-ES,4,40,0,8,0,0,0,0,4,0.003775082997890422,0,0,0,0
nonempty,3,CMA-ES,5,40,0,15,0,0,0,0,5,0.004275249997590436,0,0,0,0
nonempty,3,CMA-ES,6,40,0,26,0,0,0,0,6,0.006073500000638887,0,0,0,0
nonempty,3,CMA-ES,7,40,0,18,0,0,0,0,5,0.0044280000001890585,0,0,0,0
nonempty,3,CMA-ES,8,40,0,39,0,0,0,0,7,0.005901790998905199,0,0,0,0
nonempty,3,CMA-ES,9,40,0,27,0,0,0,0,6,0.0048938330000964925,0,0,0,0
nonempty,3,Surrogate (exhaustive),0,40,0,0,35,2293760,0,0,35,0.14234695800041663,0,0,0,0
nonempty,3,Surrogate (exhaustive),1,40,0,0,35,2293760,0,0,35,0.14123612500043237,0,0,0,0
nonempty,3,Surrogate (exhaustive),2,40,0,0,35,2293760,0,0,35,0.14098529100010637,0,0,0,0
nonempty,3,Surrogate (exhaustive),3,40,0,0,35,2293760,0,0,35,0.1406583749994752,0,0,0,0
nonempty,3,Surrogate (exhaustive),4,40,0,0,35,2293760,0,0,35,0.14095158299824107,0,0,0,0
nonempty,3,Surrogate (exhaustive),5,40,0,0,35,2293760,0,0,35,0.14041891699889675,0,0,0,0
nonempty,3,Surrogate (exhaustive),6,40,0,0,35,2293760,0,0,35,0.14678249999997206,0,0,0,0
nonempty,3,Surrogate (exhaustive),7,40,0,0,35,2293760,0,0,35,0.1419129169989901,0,0,0,0
nonempty,3,Surrogate (exhaustive),8,40,0,0,35,2293760,0,0,35,0.1421202089986764,0,0,0,0
nonempty,3,Surrogate (exhaustive),9,40,0,0,35,2293760,0,0,35,0.14105212499998743,0,0,0,0
nonempty,3,QAOA (p=1),0,40,0,0,35,2293760,1069,300544,35,2.1900267919991165,0,0,7,35
nonempty,3,QAOA (p=1),1,40,0,0,35,2293760,1068,300288,35,2.168625082998915,0,0,7,35
nonempty,3,QAOA (p=1),2,40,0,0,35,2293760,1055,296960,35,2.1136453340004664,0,0,12,35
nonempty,3,QAOA (p=1),3,40,0,0,35,2293760,1072,301312,35,2.170783624998876,0,0,9,35
nonempty,3,QAOA (p=1),4,40,0,0,35,2293760,1068,300288,35,2.171536500001821,0,0,8,35
nonempty,3,QAOA (p=1),5,40,0,0,35,2293760,1052,296192,35,2.173488374999579,0,0,12,35
nonempty,3,QAOA (p=1),6,40,0,0,35,2293760,1073,301568,35,2.2172995830005675,0,0,7,35
nonempty,3,QAOA (p=1),7,40,0,0,35,2293760,1077,302592,35,2.2259581250000338,0,0,5,35
nonempty,3,QAOA (p=1),8,40,0,0,35,2293760,1065,299520,35,2.2049330830013787,0,0,10,35
nonempty,3,QAOA (p=1),9,40,0,0,35,2293760,1069,300544,35,2.171506834001775,0,0,10,35
nonempty,3,Sparse-first,0,40,0,0,0,0,0,0,35,0.11923216699869954,0,0,0,0
nonempty,3,Sparse-first,1,40,0,0,0,0,0,0,35,0.11901550000038696,0,0,0,0
nonempty,3,Sparse-first,2,40,0,0,0,0,0,0,35,0.1182262090005679,0,0,0,0
nonempty,3,Sparse-first,3,40,0,0,0,0,0,0,35,0.1187471250013914,0,0,0,0
nonempty,3,Sparse-first,4,40,0,0,0,0,0,0,35,0.11896691699803341,0,0,0,0
nonempty,3,Sparse-first,5,40,0,0,0,0,0,0,35,0.12017504200048279,0,0,0,0
nonempty,3,Sparse-first,6,40,0,0,0,0,0,0,35,0.12238291700123227,0,0,0,0
nonempty,3,Sparse-first,7,40,0,0,0,0,0,0,35,0.12059775000307127,0,0,0,0
nonempty,3,Sparse-first,8,40,0,0,0,0,0,0,35,0.12204729099903489,0,0,0,0
nonempty,3,Sparse-first,9,40,0,0,0,0,0,0,35,0.12198170899864635,0,0,0,0
