experiment,stage,method,budget,n_seeds,mean_regret,sd_regret,median_regret,mean_ci95_lo,mean_ci95_hi,optimum_hits
current,1,Random,10,10,0.11298811483983466,0.031020891140321857,0.10399391741881642,0.09484219687818729,0.13157339813966665,0
current,1,Random,20,10,0.08983590165765504,0.027128383142243497,0.08781101329404384,0.0737358538442542,0.10563499130266818,0
current,1,Random,30,10,0.08657028234740416,0.024175782417757963,0.08609006091433591,0.07204355099327064,0.10084538793015532,0
current,1,Random,40,10,0.08193138944127878,0.025513109823352257,0.08164910120367341,0.0669542875851637,0.09725473261951427,0
current,1,GA,10,10,0.11283489319366705,0.04031105722561605,0.10927154479205031,0.08907759794445032,0.13572033259995514,0
current,1,GA,20,10,0.09200876735417905,0.03815059843845282,0.09469860879601916,0.06924838531486102,0.11422984545251263,0
current,1,GA,30,10,0.07339906827736928,0.03937493602819302,0.06927249028000854,0.05042591096903169,0.0969616657910775,0
current,1,GA,40,10,0.062446218898188875,0.03418601425861721,0.05368870439749446,0.04359637384202518,0.08332448431096245,0
current,1,BO,10,10,0.12388705911852353,0.050012490491609635,0.1337502996787288,0.09317183525236994,0.1514618853441063,0
current,1,BO,20,10,0.09430811302608341,0.03914981297771626,0.09272183586755978,0.07102232167708745,0.11726258013446789,0
current,1,BO,30,10,0.0634661566931927,0.04305769471899731,0.06024857443868492,0.039584747735665504,0.08952036952479488,0
current,1,BO,40,10,0.0603347202630546,0.045390778947494215,0.053860298940156315,0.03525117339950572,0.08793524164468736,0
current,1,CMA-ES,10,10,0.11526168954463341,0.03909300854155813,0.11754126093472295,0.09250294319587322,0.13857488589882205,0
current,1,CMA-ES,20,10,0.09398505259240962,0.03162201256890405,0.08533866808275747,0.07680281934453419,0.11436141045811908,0
current,1,CMA-ES,30,10,0.08681372045953398,0.036206489400200825,0.07935634094094374,0.06656080844254285,0.10958497428065268,0
current,1,CMA-ES,40,10,0.05854197885629875,0.03396092954309763,0.06833461821475773,0.038015232528165264,0.07816600719094638,0
current,1,Surrogate (exhaustive),10,10,0.14036385878973637,0.04023668876898759,0.13966827534841736,0.11633564583013414,0.1631038975877148,0
current,1,Surrogate (exhaustive),20,10,0.11356648749687821,0.03977371325343601,0.12238312290653097,0.0898535835639958,0.13651637761484053,0
current,1,Surrogate (exhaustive),30,10,0.10644354424606592,0.04417729501891741,0.11027781247894003,0.08063742482359508,0.13243904328797196,0
current,1,Surrogate (exhaustive),40,10,0.10269334054511611,0.043016325310618025,0.10628932891772302,0.07746342628028666,0.12849515293985211,0
current,1,QAOA (p=1),10,10,0.1328714009294612,0.03917560791618229,0.12238312290653097,0.11018854673924589,0.1553981003733047,0
current,1,QAOA (p=1),20,10,0.12228461811045258,0.029788695689330253,0.12114574549207868,0.1047475150934559,0.13938439341229789,0
current,1,QAOA (p=1),30,10,0.11596287094214888,0.025896963631960663,0.11516533809882712,0.10106075774640962,0.13113158920217194,0
current,1,QAOA (p=1),40,10,0.1009121266551773,0.02812418680679422,0.107807295195822,0.08367249821126643,0.11671777785647713,0
current,2,Random,10,10,0.09299747771616529,0.02583964940551452,0.09544024644823379,0.07759837907365988,0.10774221115027757,0
current,2,Random,20,10,0.06662673972567548,0.02010995913499481,0.06265970147035388,0.0564891770952994,0.07963553477587276,0
current,2,Random,30,10,0.06370911372931073,0.01977047656083748,0.06265970147035388,0.05277392266946224,0.07595265720310747,0
current,2,Random,40,10,0.06256156885347701,0.01724066397341529,0.06265970147035388,0.05260868768212797,0.07283158280565141,0
current,2,GA,10,10,0.10235502896311147,0.0372077545711033,0.10762073112943094,0.08044243378120591,0.1239689705847784,0
current,2,GA,20,10,0.08805771722753959,0.03530488987203248,0.08650899278859941,0.0676552503963601,0.10967295297494072,0
current,2,GA,30,10,0.07018965234693879,0.028570555558474754,0.07309348264284066,0.05278970409025663,0.08644997374141379,0
current,2,GA,40,10,0.0689621178755492,0.028585954220191875,0.06860833274593481,0.051619502844328605,0.08544591117141434,0
current,2,BO,10,10,0.09783252775909058,0.03469575686795134,0.0984140502941665,0.07801710780210658,0.11844947556716906,0
current,2,BO,20,10,0.08450738621225855,0.025076824595785318,0.08460763377802627,0.06977180901863436,0.09908456872140232,0
current,2,BO,30,10,0.07720557692921741,0.023140760975003137,0.07759968199408546,0.06347590865536035,0.0909455175768145,0
current,2,BO,40,10,0.062059822899029185,0.028438195339264977,0.05726646435336891,0.04561064842307557,0.07949713196086594,0
current,2,CMA-ES,10,10,0.10705420734789048,0.027420477909697337,0.10520588158870148,0.09067482178194003,0.12326542479220792,0
current,2,CMA-ES,20,10,0.08910150030135189,0.0234154830822566,0.0886289891932337,0.07570707062124747,0.10294517700409074,0
current,2,CMA-ES,30,10,0.0835833143894485,0.02244378063862951,0.08084506773558248,0.07073573723623407,0.09697811460797036,0
current,2,CMA-ES,40,10,0.07640079358656124,0.026902919785997036,0.07323792720521782,0.06116095787231631,0.09268846510641611,0
current,2,Surrogate (exhaustive),10,10,0.08885067371288703,0.023405485313444285,0.08441761669082704,0.07585986953668322,0.10332941235021745,0
current,2,Surrogate (exhaustive),20,10,0.07842940165408632,0.02976674641696669,0.07349702603574915,0.06091436991745785,0.0962273775290077,0
current,2,Surrogate (exhaustive),30,10,0.06181882185498794,0.029390131242048624,0.06235824380945021,0.04445754022349955,0.07930564247950289,0
current,2,Surrogate (exhaustive),40,10,0.060433292272799824,0.029445228199954605,0.06066365175966382,0.04334012986023351,0.07785330212521904,0
current,2,QAOA (p=1),10,10,0.09167989219863094,0.02351765945411096,0.0891649987410923,0.0775565895971192,0.1050503515175265,0
current,2,QAOA (p=1),20,10,0.08106969311128337,0.023487380133721415,0.07854350734873666,0.06768715775028358,0.09532089271149452,0
current,2,QAOA (p=1),30,10,0.07421163169352263,0.020711019291308176,0.0661074193387916,0.06292225426191746,0.08688871361492842,0
current,2,QAOA (p=1),40,10,0.07335786826155931,0.02065343844458656,0.0661074193387916,0.06219933788351549,0.08614688281148161,0
current,3,Random,10,10,0.0,0.0,0.0,0.0,0.0,10
current,3,Random,20,10,0.0,0.0,0.0,0.0,0.0,10
current,3,Random,30,10,0.0,0.0,0.0,0.0,0.0,10
current,3,Random,40,10,0.0,0.0,0.0,0.0,0.0,10
current,3,GA,10,10,0.0,0.0,0.0,0.0,0.0,10
current,3,GA,20,10,0.0,0.0,0.0,0.0,0.0,10
current,3,GA,30,10,0.0,0.0,0.0,0.0,0.0,10
current,3,GA,40,10,0.0,0.0,0.0,0.0,0.0,10
current,3,BO,10,10,0.0,0.0,0.0,0.0,0.0,10
current,3,BO,20,10,0.0,0.0,0.0,0.0,0.0,10
current,3,BO,30,10,0.0,0.0,0.0,0.0,0.0,10
current,3,BO,40,10,0.0,0.0,0.0,0.0,0.0,10
current,3,CMA-ES,10,10,0.0,0.0,0.0,0.0,0.0,10
current,3,CMA-ES,20,10,0.0,0.0,0.0,0.0,0.0,10
current,3,CMA-ES,30,10,0.0,0.0,0.0,0.0,0.0,10
current,3,CMA-ES,40,10,0.0,0.0,0.0,0.0,0.0,10
current,3,Surrogate (exhaustive),10,10,0.0,0.0,0.0,0.0,0.0,10
current,3,Surrogate (exhaustive),20,10,0.0,0.0,0.0,0.0,0.0,10
current,3,Surrogate (exhaustive),30,10,0.0,0.0,0.0,0.0,0.0,10
current,3,Surrogate (exhaustive),40,10,0.0,0.0,0.0,0.0,0.0,10
current,3,QAOA (p=1),10,10,0.0,0.0,0.0,0.0,0.0,10
current,3,QAOA (p=1),20,10,0.0,0.0,0.0,0.0,0.0,10
current,3,QAOA (p=1),30,10,0.0,0.0,0.0,0.0,0.0,10
current,3,QAOA (p=1),40,10,0.0,0.0,0.0,0.0,0.0,10
current,3,Sparse-first,10,10,0.0,0.0,0.0,0.0,0.0,10
current,3,Sparse-first,20,10,0.0,0.0,0.0,0.0,0.0,10
current,3,Sparse-first,30,10,0.0,0.0,0.0,0.0,0.0,10
current,3,Sparse-first,40,10,0.0,0.0,0.0,0.0,0.0,10
nonempty,3,Random,10,10,1.341590739907335,0.39581844092752133,1.377232572868487,1.111316603292043,1.5708482976260956,0
nonempty,3,Random,20,10,1.1967079793542823,0.3852321586888689,1.0763375930674548,0.9830432886548486,1.4368852726033814,0
nonempty,3,Random,30,10,1.0950588287685217,0.24199137802113677,1.0763375930674548,0.9540936714181075,1.2425201696381392,0
nonempty,3,Random,40,10,1.0312416738156478,0.20007886277695583,1.0190111695507835,0.9167971267010353,1.1516118725348568,0
nonempty,3,GA,10,10,1.1403853132855424,0.45019906922989866,1.201681574439216,0.874472685325008,1.4037984242908539,0
nonempty,3,GA,20,10,0.7224272916022009,0.30444935518970184,0.6969085817621352,0.5551745087069205,0.9130584425000763,0
nonempty,3,GA,30,10,0.561884522887506,0.19268738911596997,0.47991853885017055,0.4590651418573464,0.6866900897424113,0
nonempty,3,GA,40,10,0.4446528265601121,0.1716714605738411,0.4319744317228728,0.34736574128315817,0.5498425680289368,0
nonempty,3,BO,10,10,0.20283657076437875,0.2704581948578026,0.1143745824637307,0.06707806951332913,0.379987756794092,1
nonempty,3,BO,20,10,0.004792344408522847,0.0066654519324021895,0.003209852748490283,0.0013841699272656965,0.009357995274439201,4
nonempty,3,BO,30,10,0.0003209852748490283,0.0010150445638980891,0.0,0.0,0.0009629558245470848,9
nonempty,3,BO,40,10,0.0,0.0,0.0,0.0,0.0,10
nonempty,3,CMA-ES,10,10,1.053735060537781,0.4016420286038004,0.9971616157679692,0.8289822527199222,1.2928573975360258,0
nonempty,3,CMA-ES,20,10,0.7263758198049948,0.36811821677801915,0.7127333539029331,0.5207878179722613,0.9457340166249356,0
nonempty,3,CMA-ES,30,10,0.5563476677480412,0.30424139157080377,0.46699014519968346,0.39619492458179645,0.7517093394628767,0
nonempty,3,CMA-ES,40,10,0.2740997321389111,0.2379603634051837,0.2262046803473512,0.1373196729543603,0.41636314425225235,0
nonempty,3,Surrogate (exhaustive),10,10,0.010512368089752339,0.013643604998189729,0.003209852748490283,0.0035346391959940604,0.01958805461062923,2
nonempty,3,Surrogate (exhaustive),20,10,0.0003209852748490283,0.0010150445638980893,0.0,0.0,0.0009629558245470848,9
nonempty,3,Surrogate (exhaustive),30,10,0.0003209852748490283,0.0010150445638980893,0.0,0.0,0.0009629558245470848,9
nonempty,3,Surrogate (exhaustive),40,10,0.0,0.0,0.0,0.0,0.0,10
nonempty,3,QAOA (p=1),10,10,0.01415288480391882,0.014023036106817864,0.008535278942210497,0.006597660682951322,0.023074053573036622,1
nonempty,3,QAOA (p=1),20,10,0.0012858416857234878,0.003106696273465911,0.0,0.0,0.003215554507472407,8
nonempty,3,QAOA (p=1),30,10,0.0003209852748490283,0.0010150445638980893,0.0,0.0,0.0009629558245470848,9
nonempty,3,QAOA (p=1),40,10,0.0,0.0,0.0,0.0,0.0,10
nonempty,3,Sparse-first,10,10,0.00650261536862525,0.007039024950027624,0.003209852748490283,0.002571635856788791,0.010756433226979927,3
nonempty,3,Sparse-first,20,10,0.0003209852748490283,0.0010150445638980891,0.0,0.0,0.0009629558245470848,9
nonempty,3,Sparse-first,30,10,0.0,0.0,0.0,0.0,0.0,10
nonempty,3,Sparse-first,40,10,0.0,0.0,0.0,0.0,0.0,10
